[
    {
        "Key": "af",
        "English": "Afghanistan",
        "Local": "Afġānistān",
        "OfficialStateName": "The Islamic Republic of Afghanistan",
        "ISO2": "AF",
        "ISO3": "AFG",
        "Tld": "af",
        "Languages": [ "ps" ],
        "Currency": "AFN",
        "Capital": "kabul",
        "Size": 652230,
        "Phone": "+93",
        "Continent": "asia"
    },

    {
        "Key": "ax",
        "English": "Åland Islands",
        "Local": "Åland",
        "OfficialStateName": "Åland",
        "ISO2": "AX",
        "ISO3": "ALA",
        "Tld": "ax",
        "Languages": [ "sv" ],
        "Currency": "EUR",
        "Capital": "mariehamn",
        "Size": 1580,
        "Phone": "+358 18",
        "Continent": "europe"
    },

    {
        "Key": "al",
        "English": "Albania",
        "Local": "Shqipëria",
        "OfficialStateName": "The Republic of Albania",
        "ISO2": "AL",
        "ISO3": "ALB",
        "Tld": "al",
        "Languages": [ "sq" ],
        "Currency": "ALL",
        "Capital": "tirana",
        "Size": 28748,
        "Phone": "+355",
        "Continent": "europe"
    },

    {
        "Key": "dz",
        "English": "Algeria",
        "Local": "Algeria",
        "OfficialStateName": "The People's Democratic Republic of Algeria",
        "ISO2": "DZ",
        "ISO3": "DZA",
        "Tld": "dz",
        "Languages": [ "ar" ],
        "Currency": "DZD",
        "Capital": "algiers",
        "Size": 2381741,
        "Phone": "+213",
        "Continent": "africa"
    },

    {
        "Key": "as",
        "English": "American Samoa",
        "Local": "Amerika Sāmoa",
        "OfficialStateName": "The Territory of American Samoa",
        "ISO2": "AS",
        "ISO3": "ASM",
        "Tld": "as",
        "Languages": [ "en-US", "sm" ],
        "Currency": "USD",
        "Capital": "pago_pago",
        "Size": 199,
        "Phone": "+1-684",
        "Continent": "north_america"
    },

    {
        "Key": "ad",
        "English": "Andorra",
        "Local": "Andorra",
        "OfficialStateName": "The Principality of Andorra",
        "ISO2": "AD",
        "ISO3": "AND",
        "Tld": "ad",
        "Languages": [ "ca" ],
        "Currency": "EUR",
        "Capital": "andorra_la_vella",
        "Size": 467,
        "Phone": "+376",
        "Continent": "europe"
    },

    {
        "Key": "ao",
        "English": "Angola",
        "Local": "Angola",
        "OfficialStateName": "The Republic of Angola",
        "ISO2": "AO",
        "ISO3": "AGO",
        "Tld": "ao",
        "Languages": [ "pt-PT" ],
        "Currency": "AOA",
        "Capital": "luanda",
        "Size": 1246700,
        "Phone": "+244",
        "Continent": "africa"
    },

    {
        "Key": "ai",
        "English": "Anguilla",
        "Local": "Anguilla",
        "OfficialStateName": "Anguilla",
        "ISO2": "AI",
        "ISO3": "AIA",
        "Tld": "ai",
        "Languages": [ "en-EN" ],
        "Currency": "XCD",
        "Capital": "the_valley",
        "Size": 91,
        "Phone": "+1-264",
        "Continent": "south_america"
    },

    {
        "Key": "ag",
        "English": "Antigua and Barbuda",
        "Local": "Antigua and Barbuda",
        "OfficialStateName": "Antigua and Barbuda",
        "ISO2": "AG",
        "ISO3": "ATG",
        "Tld": "ag",
        "Languages": [ "en-EN" ],
        "Currency": "XCD",
        "Capital": "st_johns",
        "Size": 440,
        "Phone": "+1-268",
        "Continent": "north_america"
    },

    {
        "Key": "ar",
        "English": "Argentina",
        "Local": "Argentina",
        "OfficialStateName": "The Argentine Republic",
        "ISO2": "AR",
        "ISO3": "ARG",
        "Tld": "ar",
        "Languages": [ "es-AR" ],
        "Currency": "ARS",
        "Capital": "buenos_aires",
        "Size": 2780400,
        "Phone": "+54",
        "Continent": "south_america"
    },

    {
        "Key": "am",
        "English": "Armenia",
        "Local": "Hayastan",
        "OfficialStateName": "The Republic of Armenia",
        "ISO2": "AM",
        "ISO3": "ARM",
        "Tld": "am",
        "Languages": [ "hy" ],
        "Currency": "AMD",
        "Capital": "yerevan",
        "Size": 29743,
        "Phone": "+374",
        "Continent": "asia"
    },

    {
        "Key": "aw",
        "English": "Aruba",
        "Local": "Aruba",
        "OfficialStateName": "Aruba",
        "ISO2": "AW",
        "ISO3": "ABW",
        "Tld": "aw",
        "Languages": [ "nl", "pap" ],
        "Currency": "AWG",
        "Capital": "oranjestad",
        "Size": 180,
        "Phone": "+297",
        "Continent": "south_america"
    },

    {
        "Key": "au",
        "English": "Australia",
        "Local": "Australia",
        "OfficialStateName": "The Commonwealth of Australia",
        "ISO2": "AU",
        "ISO3": "AUS",
        "Tld": "au",
        "Languages": [ "en-AU" ],
        "Currency": "AUD",
        "Capital": "canberra",
        "Size": 7692024,
        "Phone": "+61",
        "Continent": "oceania"
    },

    {
        "Key": "at",
        "English": "Austria",
        "Local": "Österreich",
        "OfficialStateName": "The Republic of Austria",
        "ISO2": "AT",
        "ISO3": "AUT",
        "Tld": "at",
        "Languages": [ "de-AT" ],
        "Currency": "EUR",
        "Capital": "vienna",
        "Size": 83879,
        "Phone": "+43",
        "Continent": "europe"
    },

    {
        "Key": "az",
        "English": "Azerbaijan",
        "Local": "Azərbaycan",
        "OfficialStateName": "The Republic of Azerbaijan",
        "ISO2": "AZ",
        "ISO3": "AZE",
        "Tld": "az",
        "Languages": [ "aze", "azj", "azb", "slq", "qxq" ],
        "Currency": "AZN",
        "Capital": "baku",
        "Size": 86600,
        "Phone": "+994",
        "Continent": "asia"
    },

    {
        "Key": "bs",
        "English": "The Bahamas",
        "Local": "Bahamas",
        "OfficialStateName": "The Commonwealth of the Bahamas",
        "ISO2": "BS",
        "ISO3": "BHS",
        "Tld": "bs",
        "Languages": [ "en" ],
        "Currency": "BSD",
        "Capital": "nassau",
        "Size": 13878,
        "Phone": "+1-242",
        "Continent": "north_america"
    },

    {
        "Key": "bh",
        "English": "Bahrain",
        "Local": "Mamlakat al-Baḥrayn",
        "OfficialStateName": "The Kingdom of Bahrain",
        "ISO2": "BH",
        "ISO3": "BHR",
        "Tld": "bh",
        "Languages": [ "ar" ],
        "Currency": "BHD",
        "Capital": "manama",
        "Size": 780,
        "Phone": "+973",
        "Continent": "asia"
    },

    {
        "Key": "bd",
        "English": "Bangladesh",
        "Local": "Gônoprojatontri Bangladesh",
        "OfficialStateName": "The People's Republic of Bangladesh",
        "ISO2": "BD",
        "ISO3": "BGD",
        "Tld": "bd",
        "Languages": [ "bn" ],
        "Currency": "BDT",
        "Capital": "dhaka",
        "Size": 147570,
        "Phone": "+880",
        "Continent": "asia"
    },

    {
        "Key": "bb",
        "English": "Barbados",
        "Local": "Barbados",
        "OfficialStateName": "Barbados",
        "ISO2": "BB",
        "ISO3": "BRB",
        "Tld": "bb",
        "Languages": [ "en-US" ],
        "Currency": "BBD",
        "Capital": "bridgetown",
        "Size": 439,
        "Phone": "+1-246",
        "Continent": "north_america"
    },

    {
        "Key": "by",
        "English": "Belarus",
        "Local": "Беларусь",
        "OfficialStateName": "The Republic of Belarus",
        "ISO2": "BY",
        "ISO3": "BLR",
        "Tld": "by",
        "Languages": [ "be", "ru" ],
        "Currency": "BYN",
        "Capital": "minsk",
        "Size": 207595,
        "Phone": "+375",
        "Continent": "asia"
    },

    {
        "Key": "be",
        "English": "Belgium",
        "Local": "België",
        "OfficialStateName": "The Kingdom of Belgium",
        "ISO2": "BE",
        "ISO3": "BEL",
        "Tld": "be",
        "Languages": [ "nl", "fr", "de" ],
        "Currency": "EUR",
        "Capital": "brussels",
        "Size": 30689,
        "Phone": "+32",
        "Continent": "europe"
    },

    {
        "Key": "bz",
        "English": "Belize",
        "Local": "Belize",
        "OfficialStateName": "Belize",
        "ISO2": "BZ",
        "ISO3": "BLZ",
        "Tld": "bz",
        "Languages": [ "en-US" ],
        "Currency": "BZD",
        "Capital": "belmopan",
        "Size": 22966,
        "Phone": "+501",
        "Continent": "north_america"
    },

    {
        "Key": "bj",
        "English": "Benin",
        "Local": "Bénin",
        "OfficialStateName": "The Republic of Benin",
        "ISO2": "BJ",
        "ISO3": "BEN",
        "Tld": "bj",
        "Languages": [ "fr-FR" ],
        "Currency": "XOF",
        "Capital": "porto-novo",
        "Size": 114763,
        "Phone": "+229",
        "Continent": "africa"
    },

    {
        "Key": "bm",
        "English": "Bermuda",
        "Local": "Bermuda",
        "OfficialStateName": "Bermuda",
        "ISO2": "BM",
        "ISO3": "BMU",
        "Tld": "bm",
        "Languages": [ "en-EN" ],
        "Currency": "BMD",
        "Capital": "hamilton",
        "Size": 53,
        "Phone": "+1-441",
        "Continent": "north_america"
    },

    {
        "Key": "bt",
        "English": "Bhutan",
        "Local": "Druk Gyal Khap",
        "OfficialStateName": "The Kingdom of Bhutan",
        "ISO2": "BT",
        "ISO3": "BTN",
        "Tld": "bt",
        "Languages": [ "dz" ],
        "Currency": "BTN",
        "Capital": "thimphu",
        "Size": 38394,
        "Phone": "+975",
        "Continent": "asia"
    },

    {
        "Key": "bo",
        "English": "Bolivia",
        "Local": "Bolivia",
        "OfficialStateName": "The Plurinational State of Bolivia",
        "ISO2": "BO",
        "ISO3": "BOL",
        "Tld": "bo",
        "Languages": [ "es" ],
        "Currency": "BOB",
        "Capital": "sucre",
        "Size": 1098581,
        "Phone": "+591",
        "Continent": "south_america"
    },

    {
        "Key": "bq",
        "English": "Caribbean Netherlands",
        "Local": "Caribisch Nederland",
        "OfficialStateName": "Bonaire, Sint Eustatius and Saba",
        "ISO2": "BQ",
        "ISO3": "BES",
        "Tld": "bq",
        "Languages": [ "nl" ],
        "Currency": "USD",
        "Capital": "",
        "Size": 328,
        "Phone": "+599",
        "Continent": "south_america"
    },

    {
        "Key": "ba",
        "English": "Bosnia and Herzegovina",
        "Local": "Bosna i Hercegovina",
        "OfficialStateName": "Bosnia and Herzegovina",
        "ISO2": "BA",
        "ISO3": "BIH",
        "Tld": "ba",
        "Languages": [ "bs", "sr", "hr" ],
        "Currency": "BAM",
        "Capital": "sarajevo",
        "Size": 51129,
        "Phone": "+387",
        "Continent": "europe"
    },

    {
        "Key": "bw",
        "English": "Botswana",
        "Local": "Lefatshe la Botswana",
        "OfficialStateName": "The Republic of Botswana",
        "ISO2": "BW",
        "ISO3": "BWA",
        "Tld": "bw",
        "Languages": [ "en", "tn" ],
        "Currency": "BWP",
        "Capital": "gaborone",
        "Size": 581730,
        "Phone": "+267",
        "Continent": "africa"
    },

    {
        "Key": "br",
        "English": "Brazil",
        "Local": "Brasil",
        "OfficialStateName": "The Federative Republic of Brazil",
        "ISO2": "BR",
        "ISO3": "BRA",
        "Tld": "br",
        "Languages": [ "pt-BR" ],
        "Currency": "BRL",
        "Capital": "brasilia",
        "Size": 8515767,
        "Phone": "+55",
        "Continent": "south_america"
    },

    {
        "Key": "io",
        "English": "The British Indian Ocean Territory",
        "Local": "The British Indian Ocean Territory",
        "OfficialStateName": "The British Indian Ocean Territory",
        "ISO2": "IO",
        "ISO3": "IOT",
        "Tld": "io",
        "Languages": [ "en-EN" ],
        "Currency": "USD",
        "Capital": "camp_justice",
        "Size": 54400,
        "Phone": "+246",
        "Continent": "asia"
    },

    {
        "Key": "bn",
        "English": "Brunei Darussalam",
        "Local": "Negara Brunei Darussalam",
        "OfficialStateName": "The Nation of Brunei",
        "ISO2": "BN",
        "ISO3": "BRN",
        "Tld": "bn",
        "Languages": [ "ms" ],
        "Currency": "BND",
        "Capital": "bandar_seri_begawan",
        "Size": 5765,
        "Phone": "+673",
        "Continent": "asia"
    },

    {
        "Key": "bg",
        "English": "Bulgaria",
        "Local": "България",
        "OfficialStateName": "The Republic of Bulgaria",
        "ISO2": "BG",
        "ISO3": "BGR",
        "Tld": "bg",
        "Languages": [ "bg" ],
        "Currency": "BGN",
        "Capital": "sofia",
        "Size": 110993,
        "Phone": "+359",
        "Continent": "europe"
    },

    {
        "Key": "bf",
        "English": "Burkina Faso",
        "Local": "Repibilik báága Burkĩna Faso",
        "OfficialStateName": "Burkina Faso",
        "ISO2": "BF",
        "ISO3": "BFA",
        "Tld": "bf",
        "Languages": [ "fr" ],
        "Currency": "XOF",
        "Capital": "ouagadougou",
        "Size": 274200,
        "Phone": "+226",
        "Continent": "africa"
    },

    {
        "Key": "bi",
        "English": "Burundi",
        "Local": "Republika y'Uburundi",
        "OfficialStateName": "The Republic of Burundi",
        "ISO2": "BI",
        "ISO3": "BDI",
        "Tld": "bi",
        "Languages": [ "en", "fr", "rn" ],
        "Currency": "BIF",
        "Capital": "bujumbura",
        "Size": 27834,
        "Phone": "+257",
        "Continent": "africa"
    },

    {
        "Key": "cv",
        "English": "Cabo Verde",
        "Local": "Repúblika di Kabu Verdi",
        "OfficialStateName": "The Republic of Cabo Verde",
        "ISO2": "CV",
        "ISO3": "CPV",
        "Tld": "cv",
        "Languages": [ "pt" ],
        "Currency": "CVE",
        "Capital": "praia",
        "Size": 4033,
        "Phone": "+238",
        "Continent": "africa"
    },

    {
        "Key": "kh",
        "English": "Cambodia",
        "Local": "prĕəh riəciənaacak kampuciə",
        "OfficialStateName": "The Kindgdom of Cambodia",
        "ISO2": "KH",
        "ISO3": "KHM",
        "Tld": "kh",
        "Languages": [ "km" ],
        "Currency": "KHR",
        "Capital": "phnom_penh",
        "Size": 181035,
        "Phone": "+855",
        "Continent": "asia"
    },

    {
        "Key": "cm",
        "English": "Cameroon",
        "Local": "Cameroun",
        "OfficialStateName": "The Republic of Cameroon",
        "ISO2": "CM",
        "ISO3": "CMR",
        "Tld": "cm",
        "Languages": [ "en", "fr" ],
        "Currency": "XAF",
        "Capital": "yaounde",
        "Size": 475442,
        "Phone": "+237",
        "Continent": "africa"
    },

    {
        "Key": "ca",
        "English": "Canada",
        "Local": "Canada",
        "OfficialStateName": "Canada",
        "ISO2": "CA",
        "ISO3": "CAN",
        "Tld": "ca",
        "Languages": [ "en", "fr" ],
        "Currency": "CAD",
        "Capital": "ottawa",
        "Size": 9984670,
        "Phone": "+1",
        "Continent": "north_america"
    },

    {
        "Key": "ky",
        "English": "Cayman Islands",
        "Local": "The Cayman Islands",
        "OfficialStateName": "The Cayman Islands",
        "ISO2": "KY",
        "ISO3": "CYM",
        "Tld": "ky",
        "Languages": [ "en" ],
        "Currency": "KYD",
        "Capital": "george_town",
        "Size": 264,
        "Phone": "+1-345",
        "Continent": "north_america"
    },

    {
        "Key": "cf",
        "English": "Central African Republic",
        "Local": "Ködörösêse tî Bêafrîka",
        "OfficialStateName": "The Central African Republic",
        "ISO2": "CF",
        "ISO3": "CAF",
        "Tld": "cf",
        "Languages": [ "fr", "sg" ],
        "Currency": "XAF",
        "Capital": "bangui",
        "Size": 622984,
        "Phone": "+236",
        "Continent": "africa"
    },

    {
        "Key": "td",
        "English": "Chad",
        "Local": "Jumhūriyyat Tshād",
        "OfficialStateName": "The Republic of Chad",
        "ISO2": "TD",
        "ISO3": "TCD",
        "Tld": "td",
        "Languages": [ "ar", "fr" ],
        "Currency": "XAF",
        "Capital": "ndjamena",
        "Size": 1284000,
        "Phone": "+235",
        "Continent": "africa"
    },

    {
        "Key": "cl",
        "English": "Chile",
        "Local": "Chile",
        "OfficialStateName": "The Republic of Chile",
        "ISO2": "CL",
        "ISO3": "CHL",
        "Tld": "cl",
        "Languages": [ "es" ],
        "Currency": "CLP",
        "Capital": "santiago",
        "Size": 756096,
        "Phone": "+56",
        "Continent": "south_america"
    },

    {
        "Key": "cn",
        "English": "China",
        "Local": "Zhōngguó",
        "OfficialStateName": "The People's Republic of China",
        "ISO2": "CN",
        "ISO3": "CHN",
        "Tld": "cn",
        "Languages": [],
        "Currency": "CNY",
        "Capital": "beijing",
        "Size": 9596961,
        "Phone": "+86",
        "Continent": "asia"
    },

    {
        "Key": "cx",
        "English": "Christmas Island",
        "Local": "Wilayah Pulau Krismas",
        "OfficialStateName": "The Territory of Christmas Island",
        "ISO2": "CX",
        "ISO3": "CXR",
        "Tld": "cx",
        "Languages": [ "en" ],
        "Currency": "AUD",
        "Capital": "flying_fish_cove",
        "Size": 135,
        "Phone": "+",
        "Continent": "asia"
    },

    {
        "Key": "cc",
        "English": "Cocos Islands",
        "Local": "Pulu Kokos",
        "OfficialStateName": "The Territory of Cocos Islands",
        "ISO2": "CC",
        "ISO3": "CCK",
        "Tld": "cc",
        "Languages": [ "en" ],
        "Currency": "AUD",
        "Capital": "west_island",
        "Size": 14,
        "Phone": "+61 891",
        "Continent": "oceania"
    },

    {
        "Key": "co",
        "English": "Colombia",
        "Local": "Colombia",
        "OfficialStateName": "The Republic of Colombia",
        "ISO2": "CO",
        "ISO3": "COL",
        "Tld": "co",
        "Languages": [ "es", "en" ],
        "Currency": "COP",
        "Capital": "bogota",
        "Size": 1141748,
        "Phone": "+57",
        "Continent": "south_america"
    },

    {
        "Key": "km",
        "English": "Comoros",
        "Local": "al-Ittiḥād al-Qumurī",
        "OfficialStateName": "The Union of the Comoros",
        "ISO2": "KM",
        "ISO3": "COM",
        "Tld": "km",
        "Languages": [ "ar", "fr" ],
        "Currency": "KMF",
        "Capital": "moroni",
        "Size": 1659,
        "Phone": "+269",
        "Continent": "africa"
    },

    {
        "Key": "cd",
        "English": "The Democratic Republic of the Congo",
        "Local": "République démocratique du Congo",
        "OfficialStateName": "The Democratic Republic of the Congo",
        "ISO2": "CD",
        "ISO3": "COD",
        "Tld": "cd",
        "Languages": [ "fr" ],
        "Currency": "CDF",
        "Capital": "kinshasa",
        "Size": 2345409,
        "Phone": "+243",
        "Continent": "africa"
    },

    {
        "Key": "cg",
        "English": "Congo",
        "Local": "République du Congo",
        "OfficialStateName": "The Republic of the Congo",
        "ISO2": "CG",
        "ISO3": "COG",
        "Tld": "cg",
        "Languages": [ "fr" ],
        "Currency": "XAF",
        "Capital": "brazzaville",
        "Size": 342000,
        "Phone": "+242",
        "Continent": "africa"
    },

    {
        "Key": "ck",
        "English": "Cook Islands",
        "Local": "Kūki 'Āirani",
        "OfficialStateName": "The Cook Islands",
        "ISO2": "CK",
        "ISO3": "COK",
        "Tld": "ck",
        "Languages": [ "en" ],
        "Currency": "NZD",
        "Capital": "avarua",
        "Size": 236,
        "Phone": "+682",
        "Continent": "oceania"
    },

    {
        "Key": "cr",
        "English": "Costa Rica",
        "Local": "República de Costa Rica",
        "OfficialStateName": "The Republic of Costa Rica",
        "ISO2": "CR",
        "ISO3": "CRI",
        "Tld": "cr",
        "Languages": [ "es" ],
        "Currency": "CRC",
        "Capital": "san_jose",
        "Size": 51100,
        "Phone": "+506",
        "Continent": "north_america"
    },

    {
        "Key": "ci",
        "English": "Côte d'Ivoire",
        "Local": "République de Côte d'Ivoire",
        "OfficialStateName": "The Republic of Côte d'Ivoire",
        "ISO2": "CI",
        "ISO3": "CIV",
        "Tld": "ci",
        "Languages": [ "fr" ],
        "Currency": "XOF",
        "Capital": "yamoussoukro",
        "Size": 322463,
        "Phone": "+225",
        "Continent": "africa"
    },

    {
        "Key": "hr",
        "English": "Croatia",
        "Local": "Hrvatska",
        "OfficialStateName": "The Republic of Croatia",
        "ISO2": "HR",
        "ISO3": "HRV",
        "Tld": "hr",
        "Languages": [ "hr" ],
        "Currency": "HRK",
        "Capital": "zagreb",
        "Size": 56594,
        "Phone": "+385",
        "Continent": "europe"
    },

    {
        "Key": "cu",
        "English": "Cuba",
        "Local": "República de Cuba",
        "OfficialStateName": "The Republic of Cuba",
        "ISO2": "CU",
        "ISO3": "CUB",
        "Tld": "cu",
        "Languages": [ "es" ],
        "Currency": "CUC",
        "Capital": "havanna",
        "Size": 109884,
        "Phone": "+53",
        "Continent": "north_america"
    },

    {
        "Key": "cw",
        "English": "Curaçao",
        "Local": "Kòrsou",
        "OfficialStateName": "The Republic of Curaçao",
        "ISO2": "CW",
        "ISO3": "CUW",
        "Tld": "cw",
        "Languages": [ "en", "nl" ],
        "Currency": "ANG",
        "Capital": "willemstad",
        "Size": 444,
        "Phone": "+599",
        "Continent": "south_america"
    },

    {
        "Key": "cy",
        "English": "Cyprus",
        "Local": "Κυπριακή Δημοκρατία",
        "OfficialStateName": "The Republic of Cyprus",
        "ISO2": "CY",
        "ISO3": "CYP",
        "Tld": "cy",
        "Languages": [ "tr", "el" ],
        "Currency": "EUR",
        "Capital": "nicosia",
        "Size": 9251,
        "Phone": "+357",
        "Continent": "europe"
    },

    {
        "Key": "cz",
        "English": "Czech Republic",
        "Local": "Česká republika",
        "OfficialStateName": "The Czech Republic",
        "ISO2": "CZ",
        "ISO3": "CZE",
        "Tld": "cz",
        "Languages": [ "cs" ],
        "Currency": "CZK",
        "Capital": "prague",
        "Size": 78866,
        "Phone": "+420",
        "Continent": "europe"
    },

    {
        "Key": "dk",
        "English": "Denmark",
        "Local": "Kongeriget Danmark",
        "OfficialStateName": "The Kingdom of Denmark",
        "ISO2": "DK",
        "ISO3": "DNK",
        "Tld": "dk",
        "Languages": [ "da", "fo", "de", "kl" ],
        "Currency": "DKK",
        "Capital": "coopenhagen",
        "Size": 42933,
        "Phone": "+45",
        "Continent": "europe"
    },

    {
        "Key": "dj",
        "English": "Djibouti",
        "Local": "Gabuutih Ummuuno",
        "OfficialStateName": "The Republic of Djibouti",
        "ISO2": "DJ",
        "ISO3": "DJI",
        "Tld": "dj",
        "Languages": [ "fr", "ar", "so", "aa" ],
        "Currency": "DJF",
        "Capital": "djibouti",
        "Size": 23200,
        "Phone": "+253",
        "Continent": "africa"
    },

    {
        "Key": "dm",
        "English": "Dominica",
        "Local": "Dominique",
        "OfficialStateName": "The Commonwealth of Dominica",
        "ISO2": "DM",
        "ISO3": "DMA",
        "Tld": "dm",
        "Languages": [ "en" ],
        "Currency": "XCD",
        "Capital": "roseau",
        "Size": 750,
        "Phone": "+1-767",
        "Continent": "north_america"
    },

    {
        "Key": "do",
        "English": "The Dominican Republic",
        "Local": "República Dominicana",
        "OfficialStateName": "The Dominican Republic",
        "ISO2": "DO",
        "ISO3": "DOM",
        "Tld": "do",
        "Languages": [ "es" ],
        "Currency": "DOP",
        "Capital": "santo_domingo",
        "Size": 48671,
        "Phone": "+1-809",
        "Continent": "north_america"
    },

    {
        "Key": "ec",
        "English": "Ecuador",
        "Local": "República del Ecuador",
        "OfficialStateName": "The Republic of Ecuador",
        "ISO2": "EC",
        "ISO3": "ECU",
        "Tld": "ec",
        "Languages": [ "es" ],
        "Currency": "USD",
        "Capital": "quito",
        "Size": 283561,
        "Phone": "+593",
        "Continent": "south_america"
    },

    {
        "Key": "eg",
        "English": "Egypt",
        "Local": "Jumhūrīyat Miṣr al-ʻArabīyah",
        "OfficialStateName": "The Arab Republic of Egypt",
        "ISO2": "EG",
        "ISO3": "EGY",
        "Tld": "eg",
        "Languages": [ "ar" ],
        "Currency": "EGP",
        "Capital": "cairo",
        "Size": 1010408,
        "Phone": "+20",
        "Continent": "africa"
    },

    {
        "Key": "sv",
        "English": "El Salvador",
        "Local": "República de El Salvador",
        "OfficialStateName": "The Republic of El Salvador",
        "ISO2": "SV",
        "ISO3": "SLV",
        "Tld": "sv",
        "Languages": [ "es" ],
        "Currency": "USD",
        "Capital": "san_salvador",
        "Size": 21041,
        "Phone": "+503",
        "Continent": "north_america"
    },

    {
        "Key": "gq",
        "English": "Equatorial Guinea",
        "Local": "República de Guinea Ecuatorial",
        "OfficialStateName": "The Republic of Equatorial Guinea",
        "ISO2": "GQ",
        "ISO3": "GNQ",
        "Tld": "gq",
        "Languages": [ "es", "pt", "fr" ],
        "Currency": "XAF",
        "Capital": "malambo",
        "Size": 28050,
        "Phone": "+240",
        "Continent": "africa"
    },

    {
        "Key": "er",
        "English": "Eritrea",
        "Local": "The State of Eritrea",
        "OfficialStateName": "The State of Eritrea",
        "ISO2": "ER",
        "ISO3": "ERI",
        "Tld": "er",
        "Languages": [ "en", "ar", "ti" ],
        "Currency": "ERN",
        "Capital": "asmara",
        "Size": 117600,
        "Phone": "+291",
        "Continent": "africa"
    },

    {
        "Key": "ee",
        "English": "Estonia",
        "Local": "Eesti Vabariik",
        "OfficialStateName": "The Republic of Estonia",
        "ISO2": "EE",
        "ISO3": "EST",
        "Tld": "ee",
        "Languages": [ "et" ],
        "Currency": "EUR",
        "Capital": "tallinn",
        "Size": 45227,
        "Phone": "+372",
        "Continent": "europe"
    },

    {
        "Key": "sz",
        "English": "Eswatini",
        "Local": "Umbuso weSwatini",
        "OfficialStateName": "The Kingdom of Eswatini",
        "ISO2": "SZ",
        "ISO3": "SWZ",
        "Tld": "sz",
        "Languages": [ "ss", "en" ],
        "Currency": "ZAR",
        "Capital": "mbabane",
        "Size": 17364,
        "Phone": "+268",
        "Continent": "africa"
    },

    {
        "Key": "et",
        "English": "Ethiopia",
        "Local": "yeʾĪtiyoṗṗya Fēdēralawī Dēmokirasīyawī Rīpebilīk",
        "OfficialStateName": "The Federal Democratic Republic of Ethiopia",
        "ISO2": "ET",
        "ISO3": "ETH",
        "Tld": "et",
        "Languages": [ "am" ],
        "Currency": "ETB",
        "Capital": "addis_ababa",
        "Size": 1104300,
        "Phone": "+251",
        "Continent": "africa"
    },

    {
        "Key": "fk",
        "English": "Falkland Islands",
        "Local": "The Falkland Islands",
        "OfficialStateName": "The Falkland Islands",
        "ISO2": "FK",
        "ISO3": "FLK",
        "Tld": "fk",
        "Languages": [ "en" ],
        "Currency": "FKP",
        "Capital": "stanley",
        "Size": 12200,
        "Phone": "+500",
        "Continent": "south_america"
    },

    {
        "Key": "fo",
        "English": "Faroe Islands",
        "Local": "Føroyar",
        "OfficialStateName": "The Faroe Islands",
        "ISO2": "FO",
        "ISO3": "FRO",
        "Tld": "fo",
        "Languages": [ "da", "fo" ],
        "Currency": "DKK",
        "Capital": "torshavn",
        "Size": 1399,
        "Phone": "+298",
        "Continent": "europe"
    },

    {
        "Key": "fj",
        "English": "Fiji",
        "Local": "Matanitu Tugalala o Viti",
        "OfficialStateName": "The Republic of Fiji",
        "ISO2": "fj",
        "ISO3": "fji",
        "Tld": "fj",
        "Languages": [ "en", "fj" ],
        "Currency": "FJD",
        "Capital": "suva",
        "Size": 18274,
        "Phone": "+679",
        "Continent": "oceania"
    },

    {
        "Key": "fi",
        "English": "Finland",
        "Local": "Suomen tasavalta",
        "OfficialStateName": "The Republic of Finland",
        "ISO2": "FI",
        "ISO3": "FIN",
        "Tld": "fi",
        "Languages": [ "fi", "sv" ],
        "Currency": "EUR",
        "Capital": "helsinki",
        "Size": 338424,
        "Phone": "+358",
        "Continent": "europe"
    },

    {
        "Key": "fr",
        "English": "France",
        "Local": "République française",
        "OfficialStateName": "The French Republic",
        "ISO2": "FR",
        "ISO3": "FRA",
        "Tld": "fr",
        "Languages": [ "fr" ],
        "Currency": "EUR",
        "Capital": "paris",
        "Size": 640679,
        "Phone": "+33",
        "Continent": "europe"
    },

    {
        "Key": "ga",
        "English": "Gabon",
        "Local": "République gabonaise",
        "OfficialStateName": "The Gabonese Republic",
        "ISO2": "GA",
        "ISO3": "GAB",
        "Tld": "ga",
        "Languages": [ "fr" ],
        "Currency": "XAF",
        "Capital": "libreville",
        "Size": 267667,
        "Phone": "+241",
        "Continent": "africa"
    },

    {
        "Key": "gm",
        "English": "Gambia",
        "Local": "Kambiya",
        "OfficialStateName": "The Republic of The Gambia",
        "ISO2": "GM",
        "ISO3": "GMB",
        "Tld": "gm",
        "Languages": [ "en" ],
        "Currency": "GMD",
        "Capital": "banjul",
        "Size": 10689,
        "Phone": "+220",
        "Continent": "africa"
    },

    {
        "Key": "ge",
        "English": "Georgia",
        "Local": "Sakartvelo",
        "OfficialStateName": "Georgia",
        "ISO2": "GE",
        "ISO3": "GEO",
        "Tld": "ge",
        "Languages": [ "ka", "ab" ],
        "Currency": "GEL",
        "Capital": "tbilisi",
        "Size": 69700,
        "Phone": "+995",
        "Continent": "asia"
    },

    {
        "Key": "de",
        "English": "Germany",
        "Local": "Bundesrepublik Deutschland",
        "OfficialStateName": "The Federal Republic of Germany",
        "ISO2": "DE",
        "ISO3": "DEU",
        "Tld": "de",
        "Languages": [ "de" ],
        "Currency": "EUR",
        "Capital": "berlin",
        "Size": 3570222,
        "Phone": "+49",
        "Continent": "europe"
    },

    {
        "Key": "gh",
        "English": "Ghana",
        "Local": "The Republic of Ghana",
        "OfficialStateName": "The Republic of Ghana",
        "ISO2": "GH",
        "ISO3": "GHA",
        "Tld": "gh",
        "Languages": [ "en" ],
        "Currency": "GHS",
        "Capital": "accra",
        "Size": 239567,
        "Phone": "+233",
        "Continent": "africa"
    },

    {
        "Key": "gr",
        "English": "Greece",
        "Local": "Ellinikí Dimokratía",
        "OfficialStateName": "The Hellenic Republic",
        "ISO2": "GR",
        "ISO3": "GRC",
        "Tld": "gr",
        "Languages": [ "el" ],
        "Currency": "EUR",
        "Capital": "athens",
        "Size": 131957,
        "Phone": "+30",
        "Continent": "europe"
    },

    {
        "Key": "gl",
        "English": "Greenland",
        "Local": "Kalaallit Nunaat",
        "OfficialStateName": "Kalaallit Nunaat",
        "ISO2": "GL",
        "ISO3": "GRL",
        "Tld": "gl",
        "Languages": [ "kl" ],
        "Currency": "DKK",
        "Capital": "nuuk",
        "Size": 2166086,
        "Phone": "+299",
        "Continent": "north_america"
    },

    {
        "Key": "gd",
        "English": "Grenada",
        "Local": "Gwenad",
        "OfficialStateName": "Grenada",
        "ISO2": "GD",
        "ISO3": "GRD",
        "Tld": "gd",
        "Languages": [ "en" ],
        "Currency": "XCD",
        "Capital": "st_georges",
        "Size": 348,
        "Phone": "+1-473",
        "Continent": "south_america"
    },

    {
        "Key": "gu",
        "English": "Guam",
        "Local": "Guåhån",
        "OfficialStateName": "The Territory of Guam",
        "ISO2": "GU",
        "ISO3": "GUM",
        "Tld": "gu",
        "Languages": [ "en", "ch" ],
        "Currency": "USD",
        "Capital": "hagatna",
        "Size": 540,
        "Phone": "+1-671",
        "Continent": "oceania"
    },

    {
        "Key": "gt",
        "English": "Guatemala",
        "Local": "República de Guatemala",
        "OfficialStateName": "The Republic of Guatemala",
        "ISO2": "GT",
        "ISO3": "GTM",
        "Tld": "gt",
        "Languages": [ "es" ],
        "Currency": "GTQ",
        "Capital": "guatemala_city",
        "Size": 108889,
        "Phone": "+502",
        "Continent": "north_america"
    },

    {
        "Key": "gn",
        "English": "Guinea",
        "Local": "Renndaandi Ginea",
        "OfficialStateName": "The Republic of Guinea",
        "ISO2": "GN",
        "ISO3": "GIN",
        "Tld": "gn",
        "Languages": [ "fr" ],
        "Currency": "GNF",
        "Capital": "conakry",
        "Size": 245857,
        "Phone": "+224",
        "Continent": "africa"
    },

    {
        "Key": "gw",
        "English": "Guinea-Bissau",
        "Local": "República da Guiné-Bissau",
        "OfficialStateName": "The Republic of Guinea-Bissau",
        "ISO2": "GW",
        "ISO3": "GNB",
        "Tld": "gw",
        "Languages": [ "pt" ],
        "Currency": "XOF",
        "Capital": "bissau",
        "Size": 36125,
        "Phone": "+245",
        "Continent": "africa"
    },

    {
        "Key": "gy",
        "English": "Guyana",
        "Local": "The Co-operative Republic of Guyana",
        "OfficialStateName": "The Co-operative Republic of Guyana",
        "ISO2": "GY",
        "ISO3": "GUY",
        "Tld": "gy",
        "Languages": [ "en" ],
        "Currency": "GYD",
        "Capital": "georgetown",
        "Size": 214970,
        "Phone": "+592",
        "Continent": "south_america"
    },

    {
        "Key": "hk",
        "English": "Hong Kong",
        "Local": "Jūng'wàh Yàhnmàhn",
        "OfficialStateName": "The Hong Kong Special Administrative Region of China",
        "ISO2": "HK",
        "ISO3": "HKG",
        "Tld": "hk",
        "Languages": [ "en" ],
        "Currency": "HKD",
        "Capital": "hong_kong",
        "Size": 2755,
        "Phone": "+852",
        "Continent": "asia"
    },

    {
        "Key": "hn",
        "English": "Honduras",
        "Local": "República de Honduras",
        "OfficialStateName": "The Republic of Honduras",
        "ISO2": "HN",
        "ISO3": "HND",
        "Tld": "hn",
        "Languages": [ "es" ],
        "Currency": "HNL",
        "Capital": "tegucigalpa",
        "Size": 112492,
        "Phone": "+504",
        "Continent": "north_america"
    },

    {
        "Key": "ht",
        "English": "Haiti",
        "Local": "République d'Haïti",
        "OfficialStateName": "The Republic of Haiti",
        "ISO2": "HT",
        "ISO3": "HTI",
        "Tld": "ht",
        "Languages": [ "fr", "ht" ],
        "Currency": "HTG",
        "Capital": "port_au_prince",
        "Size": 27750,
        "Phone": "+509",
        "Continent": "north_america"
    },

    {
        "Key": "hu",
        "English": "Hungary",
        "Local": "Magyarország",
        "OfficialStateName": "Hungary",
        "ISO2": "HU",
        "ISO3": "HUN",
        "Tld": "hu",
        "Languages": [ "hu" ],
        "Currency": "HUF",
        "Capital": "budapest",
        "Size": 93030,
        "Phone": "+36",
        "Continent": "europe"
    },

    {
        "Key": "id",
        "English": "Indonesia",
        "Local": "Republik Indonesia",
        "OfficialStateName": "The Republic of Indonesia",
        "ISO2": "ID",
        "ISO3": "IDN",
        "Tld": "id",
        "Languages": [ "id" ],
        "Currency": "IDR",
        "Capital": "jakarta",
        "Size": 1904569,
        "Phone": "+62",
        "Continent": "asia"
    },

    {
        "Key": "ie",
        "English": "Ireland",
        "Local": "Poblacht na hÉireann",
        "OfficialStateName": "The Republic of Ireland",
        "ISO2": "IE",
        "ISO3": "IRL",
        "Tld": "ie",
        "Languages": [ "ga", "en" ],
        "Currency": "EUR",
        "Capital": "dublin",
        "Size": 70273,
        "Phone": "+353",
        "Continent": "europe"
    },

    {
        "Key": "il",
        "English": "Israel",
        "Local": "Israel",
        "OfficialStateName": "The State of Israel",
        "ISO2": "IL",
        "ISO3": "ISR",
        "Tld": "il",
        "Languages": [ "he" ],
        "Currency": "ILS",
        "Capital": "jerusalem",
        "Size": 20770,
        "Phone": "+972",
        "Continent": "asia"
    },

    {
        "Key": "im",
        "English": "Isle of Man",
        "Local": "Mannin",
        "OfficialStateName": "The Isle of Man",
        "ISO2": "IM",
        "ISO3": "IMN",
        "Tld": "im",
        "Languages": [ "en", "gv" ],
        "Currency": "GBP",
        "Capital": "douglas",
        "Size": 572,
        "Phone": "+44",
        "Continent": "europe"
    },

    {
        "Key": "in",
        "English": "India",
        "Local": "Bhārat Gaṇarājya",
        "OfficialStateName": "The Republic of India",
        "ISO2": "IN",
        "ISO3": "IND",
        "Tld": "in",
        "Languages": [ "en", "hi" ],
        "Currency": "INR",
        "Capital": "new_delhi",
        "Size": 3287263,
        "Phone": "+91",
        "Continent": "asia"
    },

    {
        "Key": "iq",
        "English": "Iraq",
        "Local": "al-ʿirāq",
        "OfficialStateName": "The Republic of Iraq",
        "ISO2": "IQ",
        "ISO3": "IRQ",
        "Tld": "iq",
        "Languages": [ "ar", "ku" ],
        "Currency": "IQD",
        "Capital": "baghdad",
        "Size": 437072,
        "Phone": "+964",
        "Continent": "asia"
    },

    {
        "Key": "ir",
        "English": "Iran",
        "Local": "Jomhuri-ye Eslāmi-ye Irān",
        "OfficialStateName": "The Islamic Republic of Iran",
        "ISO2": "IR",
        "ISO3": "IRN",
        "Tld": "ir",
        "Languages": [ "fa" ],
        "Currency": "IRR",
        "Capital": "tehran",
        "Size": 1648195,
        "Phone": "+98",
        "Continent": "asia"
    },

    {
        "Key": "is",
        "English": "Iceland",
        "Local": "Ísland",
        "OfficialStateName": "Iceland",
        "ISO2": "IS",
        "ISO3": "ISL",
        "Tld": "is",
        "Languages": [ "is" ],
        "Currency": "ISK",
        "Capital": "reykjavik",
        "Size": 102775,
        "Phone": "+354",
        "Continent": "europe"
    },

    {
        "Key": "it",
        "English": "Italy",
        "Local": "Repubblica Italiana",
        "OfficialStateName": "The Italian Republic",
        "ISO2": "IT",
        "ISO3": "ITA",
        "Tld": "it",
        "Languages": [ "it" ],
        "Currency": "EUR",
        "Capital": "rome",
        "Size": 301340,
        "Phone": "+39",
        "Continent": "europe"
    },

    {
        "Key": "je",
        "English": "Jersey",
        "Local": "Bailliage dé Jèrri",
        "OfficialStateName": "The Bailiwick of Jersey",
        "ISO2": "JE",
        "ISO3": "JEY",
        "Tld": "je",
        "Languages": [ "en" ],
        "Currency": "GBP",
        "Capital": "saint_helier",
        "Size": 118,
        "Phone": "+44",
        "Continent": "europe"
    },

    {
        "Key": "jm",
        "English": "Jamaica",
        "Local": "Jumieka",
        "OfficialStateName": "Jamaica",
        "ISO2": "JM",
        "ISO3": "JAM",
        "Tld": "jm",
        "Languages": [ "en" ],
        "Currency": "JMD",
        "Capital": "kingston",
        "Size": 10991,
        "Phone": "+1-876",
        "Continent": "north_america"
    },

    {
        "Key": "jo",
        "English": "Jordan",
        "Local": "Al-Mamlakah al-’Urdunniyyah Al-Hāshimiyyah",
        "OfficialStateName": "The Hashemite Kingdom of Jordan",
        "ISO2": "JO",
        "ISO3": "JOR",
        "Tld": "jo",
        "Languages": [ "ar" ],
        "Currency": "JOD",
        "Capital": "amman",
        "Size": 89342,
        "Phone": "+962",
        "Continent": "asia"
    },

    {
        "Key": "jp",
        "English": "Japan",
        "Local": "Nippon-koku",
        "OfficialStateName": "Japan",
        "ISO2": "JP",
        "ISO3": "JPN",
        "Tld": "jp",
        "Languages": [ "jp" ],
        "Currency": "JPY",
        "Capital": "tokyo",
        "Size": 377975,
        "Phone": "+81",
        "Continent": "asia"
    },

    {
        "Key": "ke",
        "English": "Kenya",
        "Local": "Jamhuri ya Kenya",
        "OfficialStateName": "The Republic of Kenya",
        "ISO2": "KE",
        "ISO3": "KEN",
        "Tld": "ke",
        "Languages": [ "en", "sw" ],
        "Currency": "KES",
        "Capital": "nairobi",
        "Size": 580367,
        "Phone": "+254",
        "Continent": "africa"
    },

    {
        "Key": "kg",
        "English": "Kyrgyzstan",
        "Local": "Kırğız Respublikası",
        "OfficialStateName": "The Kyrgyz Republic",
        "ISO2": "KG",
        "ISO3": "KGZ",
        "Tld": "kg",
        "Languages": [ "ru", "ky" ],
        "Currency": "KGS",
        "Capital": "bishkek",
        "Size": 199951,
        "Phone": "+996",
        "Continent": "asia"
    },

    {
        "Key": "ki",
        "English": "Kiribati",
        "Local": "Ribaberiki Kiribati",
        "OfficialStateName": "The Republic of Kiribati",
        "ISO2": "KI",
        "ISO3": "KIR",
        "Tld": "ki",
        "Languages": [ "en" ],
        "Currency": "AUD",
        "Capital": "tarawa",
        "Size": 811,
        "Phone": "+686",
        "Continent": "oceania"
    },

    {
        "Key": "kn",
        "English": "Saint Kittis and Nevis",
        "Local": "Federation of Saint Christopher and Nevis",
        "OfficialStateName": "Federation of Saint Christopher and Nevis",
        "ISO2": "KN",
        "ISO3": "KNA",
        "Tld": "kn",
        "Languages": [ "en" ],
        "Currency": "XCD",
        "Capital": "basseterre",
        "Size": 261,
        "Phone": "+1-869",
        "Continent": "north_america"
    },

    {
        "Key": "kp",
        "English": "North Korea",
        "Local": "Chosŏn Minjujuŭi Inmin Konghwaguk",
        "OfficialStateName": "The Democratic People's Republic of Korea",
        "ISO2": "KP",
        "ISO3": "PRK",
        "Tld": "kp",
        "Languages": [ "ko" ],
        "Currency": "KPW",
        "Capital": "pyongyang",
        "Size": 120540,
        "Phone": "+850",
        "Continent": "asia"
    },

    {
        "Key": "kr",
        "English": "South Korea",
        "Local": "Dawlat al-Kuwait",
        "OfficialStateName": "The Republic of Korea",
        "ISO2": "KR",
        "ISO3": "KOR",
        "Tld": "kr",
        "Languages": [ "ko" ],
        "Currency": "KRW",
        "Capital": "seoul",
        "Size": 100363,
        "Phone": "+82",
        "Continent": "asia"
    },

    {
        "Key": "kw",
        "English": "Kuwait",
        "Local": "Dawlat al-Kuwait",
        "OfficialStateName": "The State of Kuwait",
        "ISO2": "KW",
        "ISO3": "KWT",
        "Tld": "kw",
        "Languages": [ "ar" ],
        "Currency": "KWD",
        "Capital": "kuwait_city",
        "Size": 17818,
        "Phone": "+965",
        "Continent": "asia"
    },

    {
        "Key": "kz",
        "English": "Kazakhstan",
        "Local": "Qazaqstan Respýblıkasy",
        "OfficialStateName": "The Republic of Kazakhstan",
        "ISO2": "KZ",
        "ISO3": "KAZ",
        "Tld": "kz",
        "Languages": [ "ru", "kk" ],
        "Currency": "KZT",
        "Capital": "nur-sultan",
        "Size": 2724900,
        "Phone": "+7-6",
        "Continent": "asia"
    },

    {
        "Key": "la",
        "English": "Lao People's Democratic Republic",
        "Local": "Sathalanalat Paxathipatai Paxaxôn Lao",
        "OfficialStateName": "The Lao People's Democratic Republic",
        "ISO2": "LA",
        "ISO3": "LAO",
        "Tld": "la",
        "Languages": [ "lo" ],
        "Currency": "LAK",
        "Capital": "vientiane",
        "Size": 237955,
        "Phone": "+856",
        "Continent": "asia"
    },

    {
        "Key": "lv",
        "English": "Latvia",
        "Local": "Latvijas Republika",
        "OfficialStateName": "The Republic of Latvia",
        "ISO2": "LV",
        "ISO3": "LVA",
        "Tld": "lv",
        "Languages": [ "lv" ],
        "Currency": "EUR",
        "Capital": "riga",
        "Size": 64589,
        "Phone": "+371",
        "Continent": "europe"
    },

    {
        "Key": "lb",
        "English": "Lebanon",
        "Local": "al-Jumhūrīyah al-Lubnānīyah",
        "OfficialStateName": "The Lebanese Republic",
        "ISO2": "LB",
        "ISO3": "LBN",
        "Tld": "lb",
        "Languages": [ "ar" ],
        "Currency": "LBP",
        "Capital": "beirut",
        "Size": 10452,
        "Phone": "+961",
        "Continent": "asia"
    },

    {
        "Key": "ls",
        "English": "Lesotho",
        "Local": "'Muso oa Lesotho",
        "OfficialStateName": "The Kingdom of Lesotho",
        "ISO2": "LS",
        "ISO3": "LSO",
        "Tld": "ls",
        "Languages": [ "st", "en" ],
        "Currency": "LSL",
        "Capital": "maseru",
        "Size": 30355,
        "Phone": "+266",
        "Continent": "africa"
    },

    {
        "Key": "lr",
        "English": "Liberia",
        "Local": "The Republic of Liberia",
        "OfficialStateName": "The Republic of Liberia",
        "ISO2": "LR",
        "ISO3": "LBR",
        "Tld": "lr",
        "Languages": [ "en" ],
        "Currency": "LRD",
        "Capital": "monrovia",
        "Size": 111369,
        "Phone": "+231",
        "Continent": "africa"
    },

    {
        "Key": "ly",
        "English": "Libya",
        "Local": "Dawlat Lībiyā",
        "OfficialStateName": "The State of Libya",
        "ISO2": "LY",
        "ISO3": "LBY",
        "Tld": "ly",
        "Languages": [ "ar" ],
        "Currency": "LYD",
        "Capital": "tripoli",
        "Size": 1759541,
        "Phone": "+218",
        "Continent": "africa"
    },

    {
        "Key": "li",
        "English": "Liechtenstein",
        "Local": "Fürstentum Liechtenstein",
        "OfficialStateName": "The Principality of Liechtenstein",
        "ISO2": "LI",
        "ISO3": "LIE",
        "Tld": "li",
        "Languages": [ "de" ],
        "Currency": "CHF",
        "Capital": "vaduz",
        "Size": 160,
        "Phone": "+423",
        "Continent": "europe"
    },

    {
        "Key": "lt",
        "English": "Lithuania",
        "Local": "Lietuvos Respublika",
        "OfficialStateName": "The Republic of Lithuania",
        "ISO2": "LT",
        "ISO3": "LTU",
        "Tld": "lt",
        "Languages": [ "lt" ],
        "Currency": "EUR",
        "Capital": "vilnius",
        "Size": 65300,
        "Phone": "+370",
        "Continent": "europe"
    },

    {
        "Key": "lu",
        "English": "Luxembourg",
        "Local": "Groussherzogtum Lëtzebuerg",
        "OfficialStateName": "The Grand Duchy of Luxembourg",
        "ISO2": "LU",
        "ISO3": "LUX",
        "Tld": "lu",
        "Languages": [ "lb", "fr", "de" ],
        "Currency": "EUR",
        "Capital": "luxembourg_city",
        "Size": 2586,
        "Phone": "+352",
        "Continent": "europe"
    },

    {
        "Key": "ch",
        "English": "Switzerland",
        "Local": "Schweiz",
        "OfficialStateName": "",
        "ISO2": "CH",
        "ISO3": "CHE",
        "Tld": "ch",
        "Languages": [ "de-CH", "fr-CH", "it-CH" ],
        "Currency": "CHF",
        "Capital": "bern",
        "Size": 41285,
        "Phone": "+41",
        "Continent": "europe"
    },

    {
        "Key": "om",
        "English": "Oman",
        "Local": "Salṭanat ʻUmān",
        "OfficialStateName": "Sultanate of Oman",
        "ISO2": "OM",
        "ISO3": "OMN",
        "Tld": "om",
        "Languages": [ "ar" ],
        "Currency": "OMR",
        "Capital": "muscat",
        "Size": 309500,
        "Phone": "+968",
        "Continent": "asia"
    },

    {
        "Key": "pk",
        "English": "Pakistan",
        "Local": "Islāmī Jumhūriyah Pākistān",
        "OfficialStateName": "Islamic Republic of Pakistan",
        "ISO2": "PK",
        "ISO3": "PAK",
        "Tld": "pk",
        "Languages": [ "ur", "en" ],
        "Currency": "PKR",
        "Capital": "islamabad",
        "Size": 881913,
        "Phone": "+92",
        "Continent": "asia"
    },

    {
        "Key": "pw",
        "English": "Palau",
        "Local": "Beluu er a Belau",
        "OfficialStateName": "State of Palestine",
        "ISO2": "PW",
        "ISO3": "PLW",
        "Tld": "pw",
        "Languages": [ "ja", "en" ],
        "Currency": "USD",
        "Capital": "ngerulmud",
        "Size": 459,
        "Phone": "+680",
        "Continent": "oceania"
    },

    {
        "Key": "ps",
        "English": "Palestine",
        "Local": "Dawlat Filasṭīn",
        "OfficialStateName": "State of Palestine",
        "ISO2": "PS",
        "ISO3": "PSE",
        "Tld": "ps",
        "Languages": [ "ar" ],
        "Currency": "EGP",
        "Capital": "ramallah",
        "Size": 6020,
        "Phone": "+970",
        "Continent": "asia"
    },

    {
        "Key": "pa",
        "English": "Panama",
        "Local": "República de Panamá",
        "OfficialStateName": "Republic of Panamá",
        "ISO2": "PA",
        "ISO3": "PAN",
        "Tld": "pa",
        "Languages": [ "es" ],
        "Currency": "PAB",
        "Capital": "panama_city",
        "Size": 75417,
        "Phone": "+507",
        "Continent": "north_america"
    },

    {
        "Key": "pg",
        "English": "Papua New Guinea",
        "Local": "Independen Stet bilong Papua Niugini",
        "OfficialStateName": "Independent State of Papua New Guinea",
        "ISO2": "PG",
        "ISO3": "PNG",
        "Tld": "pg",
        "Languages": [ "ho", "en" ],
        "Currency": "PGK",
        "Capital": "port_moresby",
        "Size": 462840,
        "Phone": "+675",
        "Continent": "oceania"
    },

    {
        "Key": "py",
        "English": "Paraguay",
        "Local": "República del Paraguay",
        "OfficialStateName": "Republic of Paraguay",
        "ISO2": "PY",
        "ISO3": "PRY",
        "Tld": "py",
        "Languages": [ "gn", "es" ],
        "Currency": "PYG",
        "Capital": "asuncion",
        "Size": 406752,
        "Phone": "+595",
        "Continent": "south_america"
    },

    {
        "Key": "pe",
        "English": "Peru",
        "Local": "República del Perú",
        "OfficialStateName": "Republic of Perú",
        "ISO2": "PE",
        "ISO3": "PER",
        "Tld": "pe",
        "Languages": [ "es" ],
        "Currency": "PEN",
        "Capital": "lima",
        "Size": 1285216,
        "Phone": "+51",
        "Continent": "south_america"
    },

    {
        "Key": "ph",
        "English": "Philippines",
        "Local": "Republika ng Pilipinas",
        "OfficialStateName": "Republic of the Philippines",
        "ISO2": "PH",
        "ISO3": "PHL",
        "Tld": "ph",
        "Languages": [ "en" ],
        "Currency": "PHP",
        "Capital": "manila",
        "Size": 300000,
        "Phone": "+63",
        "Continent": "asia"
    },

    {
        "Key": "pn",
        "English": "Pitcairn",
        "Local": "Pitkern Ailen",
        "OfficialStateName": "Pitcairn Islands",
        "ISO2": "PN",
        "ISO3": "PCN",
        "Tld": "pn  ",
        "Languages": [ "en" ],
        "Currency": "NZD",
        "Capital": "adamstown",
        "Size": 47,
        "Phone": "+64",
        "Continent": "oceania"
    },

    {
        "Key": "pl",
        "English": "Poland",
        "Local": "Rzeczpospolita Polska",
        "OfficialStateName": "Republic of Poland",
        "ISO2": "PL",
        "ISO3": "POL",
        "Tld": "pl",
        "Languages": [ "pl" ],
        "Currency": "EUR",
        "Capital": "warsaw",
        "Size": 312696,
        "Phone": "+48",
        "Continent": "europe"
    },

    {
        "Key": "pt",
        "English": "Portugal",
        "Local": "República Portuguesa",
        "OfficialStateName": "Portuguese Republic",
        "ISO2": "PT",
        "ISO3": "PRT",
        "Tld": "pt",
        "Languages": [ "pt" ],
        "Currency": "EUR",
        "Capital": "lisbon",
        "Size": 92212,
        "Phone": "+351",
        "Continent": "europe"
    },

    {
        "Key": "pr",
        "English": "Puerto Rico",
        "Local": "Estado Libre Asociado de Puerto Rico",
        "OfficialStateName": "Commonwealth of Puerto Rico",
        "ISO2": "PR",
        "ISO3": "PRI",
        "Tld": "pr",
        "Languages": [ "es", "en" ],
        "Currency": "USD",
        "Capital": "san_juan",
        "Size": 9104,
        "Phone": "+1-787",
        "Continent": "north_america"
    },

    {
        "Key": "qa",
        "English": "Qatar",
        "Local": "Dawlat Qaṭar",
        "OfficialStateName": "State of Qatar",
        "ISO2": "QA",
        "ISO3": "QAT",
        "Tld": "qa",
        "Languages": [ "ar" ],
        "Currency": "QAR",
        "Capital": "doha",
        "Size": 11581,
        "Phone": "+974",
        "Continent": "asia"
    },

    {
        "Key": "re",
        "English": "Réunion",
        "Local": "La Réunion",
        "OfficialStateName": "Réunion",
        "ISO2": "RE",
        "ISO3": "REU",
        "Tld": "re",
        "Languages": [ "fr" ],
        "Currency": "EUR",
        "Capital": "saint-denis",
        "Size": 2511,
        "Phone": "+262",
        "Continent": "africa"
    },

    {
        "Key": "ro",
        "English": "Romania",
        "Local": "România",
        "OfficialStateName": "Romania",
        "ISO2": "RO",
        "ISO3": "ROU",
        "Tld": "ro",
        "Languages": [ "ro" ],
        "Currency": "RON",
        "Capital": "bucharest",
        "Size": 238397,
        "Phone": "+40",
        "Continent": "europe"
    },

    {
        "Key": "ru",
        "English": "Russian Federation",
        "Local": "Rossiyskaya Federatsiya",
        "OfficialStateName": "Russian Federation",
        "ISO2": "RU",
        "ISO3": "RUS",
        "Tld": "ru",
        "Languages": [ "ru" ],
        "Currency": "RUB",
        "Capital": "moscow",
        "Size": 17098246,
        "Phone": "+7",
        "Continent": "asia"
    },

    {
        "Key": "rw",
        "English": "Rwanda",
        "Local": "Repubulika y'u Rwanda",
        "OfficialStateName": "Republic of Rwanda",
        "ISO2": "RW",
        "ISO3": "RWA",
        "Tld": "rw",
        "Languages": [ "sw", "rw", "fr", "en" ],
        "Currency": "RWF",
        "Capital": "kigali",
        "Size": 26338,
        "Phone": "+250",
        "Continent": "africa"
    },

    {
        "Key": "bl",
        "English": "Saint Barthélemy",
        "Local": "Saint-Barthélemy",
        "OfficialStateName": "Collectivity of Saint-Barthélemy",
        "ISO2": "BL",
        "ISO3": "BLM",
        "Tld": "bl",
        "Languages": [ "fr" ],
        "Currency": "EUR",
        "Capital": "gustavia",
        "Size": 25,
        "Phone": "+590",
        "Continent": "north_america"
    },

    {
        "Key": "sh",
        "English": "Saint Helena",
        "Local": "Saint Helena, Ascension and Tristan da Cunha",
        "OfficialStateName": "Saint Helena, Ascension and Tristan da Cunha",
        "ISO2": "SH",
        "ISO3": "SHN",
        "Tld": "sh",
        "Languages": [ "en" ],
        "Currency": "SHP",
        "Capital": "jamestown",
        "Size": 394,
        "Phone": "+290",
        "Continent": "africa"
    },

    {
        "Key": "lc",
        "English": "Saint Lucia",
        "Local": "Saint Lucia",
        "OfficialStateName": "Saint Lucia",
        "ISO2": "LC",
        "ISO3": "LCA",
        "Tld": "lc",
        "Languages": [ "en" ],
        "Currency": "XCD",
        "Capital": "castries",
        "Size": 617,
        "Phone": "+1-758",
        "Continent": "north_america"
    },

    {
        "Key": "mf",
        "English": "Saint Martin",
        "Local": "Saint-Martin",
        "OfficialStateName": "Collectivity of Saint-Martin",
        "ISO2": "MF",
        "ISO3": "MAF",
        "Tld": "mf",
        "Languages": [ "fr" ],
        "Currency": "EUR",
        "Capital": "marigot",
        "Size": 53.2,
        "Phone": "+590",
        "Continent": "north_america"
    },

    {
        "Key": "pm",
        "English": "Saint Pierre and Miquelon",
        "Local": "Saint-Pierre-et-Miquelon",
        "OfficialStateName": "The Overseas Collectivity of Saint-Pierre and Miquelon",
        "ISO2": "PM",
        "ISO3": "SPM",
        "Tld": "pm",
        "Languages": [ "fr" ],
        "Currency": "EUR",
        "Capital": "saint-pierre",
        "Size": 242,
        "Phone": "+508",
        "Continent": "north_america"
    },

    {
        "Key": "vc",
        "English": "Saint Vincent and the Grenadines",
        "Local": "Saint Vincent and the Grenadines",
        "OfficialStateName": "Saint Vincent and the Grenadines",
        "ISO2": "VC",
        "ISO3": "VCT",
        "Tld": "vc",
        "Languages": [ "en" ],
        "Currency": "XCD",
        "Capital": "kingstown",
        "Size": 389,
        "Phone": "+1-784",
        "Continent": "north_america"
    },

    {
        "Key": "ws",
        "English": "Samoa",
        "Local": "Malo Saʻoloto Tutoʻatasi o Sāmoa",
        "OfficialStateName": "Independent State of Samoa",
        "ISO2": "WS",
        "ISO3": "WSM",
        "Tld": "ws",
        "Languages": [ "sm", "en" ],
        "Currency": "WST",
        "Capital": "apia",
        "Size": 2842,
        "Phone": "+685",
        "Continent": "oceania"
    },

    {
        "Key": "sm",
        "English": "San Marino",
        "Local": "Repubblica di San Marino",
        "OfficialStateName": "Republic of San Marino",
        "ISO2": "SM",
        "ISO3": "SMR",
        "Tld": "sm",
        "Languages": [ "it" ],
        "Currency": "EUR",
        "Capital": "san_marino",
        "Size": 61.2,
        "Phone": "+378",
        "Continent": "europe"
    },

    {
        "Key": "st",
        "English": "Sao Tome and Principe",
        "Local": "República Democrática de São Tomé e Príncipe",
        "OfficialStateName": "Democratic Republic of São Tomé and Príncipe",
        "ISO2": "ST",
        "ISO3": "STP",
        "Tld": "st",
        "Languages": [ "pt" ],
        "Currency": "STN",
        "Capital": "sao_tome",
        "Size": 1001,
        "Phone": "+239",
        "Continent": "africa"
    },

    {
        "Key": "sa",
        "English": "Saudi Arabia",
        "Local": "Al-Mamlakah al-ʿArabīyah as-Saʿūdīyah",
        "OfficialStateName": "Kingdom of Saudi Arabia",
        "ISO2": "SA",
        "ISO3": "SAU",
        "Tld": "sa",
        "Languages": [ "ar" ],
        "Currency": "SAR",
        "Capital": "riyadh",
        "Size": 2149690,
        "Phone": "+966",
        "Continent": "asia"
    },
    {
        "Key": "sn",
        "English": "Senegal",
        "Local": "Réewum Senegaal",
        "OfficialStateName": "Republic of Senegal",
        "ISO2": "SN",
        "ISO3": "SEN",
        "Tld": "sn",
        "Languages": [ "fr" ],
        "Currency": "XOF",
        "Capital": "dakar",
        "Size": 196712,
        "Phone": "+221",
        "Continent": "africa"
    },

    {
        "Key": "rs",
        "English": "Serbia",
        "Local": "Republika Srbija",
        "OfficialStateName": "Republic of Serbia",
        "ISO2": "RS",
        "ISO3": "SRB",
        "Tld": "rs",
        "Languages": [ "sr" ],
        "Currency": "RSD",
        "Capital": "belgrade",
        "Size": 88361,
        "Phone": "+381",
        "Continent": "europe"
    },

    {
        "Key": "sc",
        "English": "Seychelles",
        "Local": "Repiblik Sesel",
        "OfficialStateName": "Republic of Seychelles",
        "ISO2": "SC",
        "ISO3": "SYC",
        "Tld": "sc",
        "Languages": [ "fr", "en" ],
        "Currency": "SCR",
        "Capital": "victoria",
        "Size": 459,
        "Phone": "+248",
        "Continent": "africa"
    },

    {
        "Key": "sl",
        "English": "Sierra Leone",
        "Local": "Sierra Leone",
        "OfficialStateName": "Republic of Sierra Leone",
        "ISO2": "SL",
        "ISO3": "SLE",
        "Tld": "sl",
        "Languages": [ "en" ],
        "Currency": "SLL",
        "Capital": "freetown",
        "Size": 71740,
        "Phone": "+232",
        "Continent": "africa"
    },

    {
        "Key": "sg",
        "English": "Singapore",
        "Local": "Republik Singapura",
        "OfficialStateName": "Republic of Singapore",
        "ISO2": "SG",
        "ISO3": "SGP",
        "Tld": "sg",
        "Languages": [ "ta", "ms", "en" ],
        "Currency": "SGD",
        "Capital": "singapore",
        "Size": 725.7,
        "Phone": "+65",
        "Continent": "asia"
    },

    {
        "Key": "sx",
        "English": "Sint Maarten",
        "Local": "Sint Maarten",
        "OfficialStateName": "Sint Maarten",
        "ISO2": "SX",
        "ISO3": "SXM",
        "Tld": "sx",
        "Languages": [ "nl", "en" ],
        "Currency": "ANG",
        "Capital": "philipsburg",
        "Size": 34,
        "Phone": "+1-721",
        "Continent": "south_america"
    },

    {
        "Key": "sk",
        "English": "Slovakia",
        "Local": "Slovenská republika",
        "OfficialStateName": "Slovak Republic",
        "ISO2": "SK",
        "ISO3": "SVK",
        "Tld": "sk",
        "Languages": [ "sk" ],
        "Currency": "EUR",
        "Capital": "bratislava",
        "Size": 49035,
        "Phone": "+421",
        "Continent": "europe"
    },

    {
        "Key": "si",
        "English": "Slovenia",
        "Local": "Republika Slovenija",
        "OfficialStateName": "Republic of Slovenia",
        "ISO2": "SI",
        "ISO3": "SVN",
        "Tld": "si",
        "Languages": [ "sl" ],
        "Currency": "EUR",
        "Capital": "ljubljana",
        "Size": 20273,
        "Phone": "+386",
        "Continent": "europe"
    },

    {
        "Key": "sb",
        "English": "Solomon Islands",
        "Local": "Solomon Islands",
        "OfficialStateName": "Solomon Islands",
        "ISO2": "SB",
        "ISO3": "SLB",
        "Tld": "sb",
        "Languages": [ "en" ],
        "Currency": "SBD",
        "Capital": "honiara",
        "Size": 28400,
        "Phone": "+677",
        "Continent": "oceania"
    },

    {
        "Key": "so",
        "English": "Somalia",
        "Local": "Jamhuuriyadda Federaalka Soomaaliya",
        "OfficialStateName": "Federal Republic of Somalia",
        "ISO2": "SO",
        "ISO3": "SOM",
        "Tld": "so",
        "Languages": [ "so", "ar" ],
        "Currency": "SOS",
        "Capital": "mogadishu",
        "Size": 637657,
        "Phone": "+252",
        "Continent": "africa"
    },

    {
        "Key": "za",
        "English": "South Africa",
        "Local": "Republiek van Suid-Afrika",
        "OfficialStateName": "Republic of South Africa",
        "ISO2": "ZA",
        "ISO3": "ZAF",
        "Tld": "za",
        "Languages": [ "af", "zu", "xh", "tn", "st", "ts", "ss", "ve", "nr", "en" ],
        "Currency": "ZAR",
        "Capital": "pretoria",
        "Size": 1221037,
        "Phone": "+27",
        "Continent": "africa"
    },

    {
        "Key": "gs",
        "English": "South Georgia and the South Sandwich Islands",
        "Local": "South Georgia and the South Sandwich Islands",
        "OfficialStateName": "South Georgia and the South Sandwich Islands",
        "ISO2": "GS",
        "ISO3": "SGS",
        "Tld": "gs",
        "Languages": [ "en" ],
        "Currency": "FKP",
        "Capital": "king_edward_point",
        "Size": 3903,
        "Phone": "+500",
        "Continent": "south_america"
    },

    {
        "Key": "ss",
        "English": "South Sudan",
        "Local": "Republic of South Sudan",
        "OfficialStateName": "Republic of South Sudan",
        "ISO2": "SS",
        "ISO3": "SSD",
        "Tld": "ss",
        "Languages": [ "en" ],
        "Currency": "SSP",
        "Capital": "juba",
        "Size": 619745,
        "Phone": "+211",
        "Continent": "africa"
    },

    {
        "Key": "es",
        "English": "Spain",
        "Local": "Reino de España",
        "OfficialStateName": "Kingdom of Spain",
        "ISO2": "ES",
        "ISO3": "ESP",
        "Tld": "es",
        "Languages": [ "es" ],
        "Currency": "EUR",
        "Capital": "madrid",
        "Size": 505990,
        "Phone": "+34",
        "Continent": "europe"
    },

    {
        "Key": "lk",
        "English": "Sri Lanka",
        "Local": "Srī Lankā prajātāntrika samājavādī janarajaya",
        "OfficialStateName": "Democratic Socialist Republic of Sri Lanka",
        "ISO2": "LK",
        "ISO3": "LKA",
        "Tld": "lk",
        "Languages": [ "si", "ta" ],
        "Currency": "LKR",
        "Capital": "sri_jayawardenepura_kotte",
        "Size": 65610,
        "Phone": "+94",
        "Continent": "asia"
    },

    {
        "Key": "sd",
        "English": "Sudan",
        "Local": "Jumhūriyyat as-Sūdān",
        "OfficialStateName": "Republic of the Sudan",
        "ISO2": "SD",
        "ISO3": "SDN",
        "Tld": "sd",
        "Languages": [ "ar" ],
        "Currency": "CAT",
        "Capital": "khartoum",
        "Size": 1886068,
        "Phone": "+249",
        "Continent": "africa"
    },

    {
        "Key": "sr",
        "English": "Suriname",
        "Local": "Republiek Suriname",
        "OfficialStateName": "Republic of Suriname",
        "ISO2": "SR",
        "ISO3": "SUR",
        "Tld": "sr",
        "Languages": [ "nl" ],
        "Currency": "SRD",
        "Capital": "paramaribo",
        "Size": 163821,
        "Phone": "+597",
        "Continent": "south_america"
    },

    {
        "Key": "sj",
        "English": "Svalbard",
        "Local": "Svalbard",
        "OfficialStateName": "Svalbard and Jan Mayen",
        "ISO2": "SJ",
        "ISO3": "SJM",
        "Tld": "sj",
        "Languages": [ "no" ],
        "Currency": "NOK",
        "Capital": "longyearbyen",
        "Size": 61022,
        "Phone": "+47",
        "Continent": "europe"
    },

    {
        "Key": "se",
        "English": "Sweden",
        "Local": "Konungariket Sverige",
        "OfficialStateName": "Kingdom of Sweden",
        "ISO2": "SE",
        "ISO3": "SWE",
        "Tld": "se",
        "Languages": [ "sv" ],
        "Currency": "SEK",
        "Capital": "stockholm",
        "Size": 450295,
        "Phone": "+46",
        "Continent": "europe"
    },

    {
        "Key": "sy",
        "English": "Syrian Arab Republic",
        "Local": "al-Jumhūrīyah al-ʻArabīyah as-Sūrīyah",
        "OfficialStateName": "Syrian Arab Republic",
        "ISO2": "SY",
        "ISO3": "SYR",
        "Tld": "sy",
        "Languages": [ "ar" ],
        "Currency": "SYP",
        "Capital": "damascus",
        "Size": 185180,
        "Phone": "+963",
        "Continent": "asia"
    },

    {
        "Key": "tw",
        "English": "Taiwan",
        "Local": "Zhōnghuá Mínguó (Táiwān)",
        "OfficialStateName": "Republic of China (Taiwan)",
        "ISO2": "TW",
        "ISO3": "TWN",
        "Tld": "tw",
        "Languages": [ "zh" ],
        "Currency": "TWD",
        "Capital": "taipei",
        "Size": 36197,
        "Phone": "+886",
        "Continent": "asia"
    },

    {
        "Key": "tj",
        "English": "Tajikistan",
        "Local": "Jumhurii Tojikiston",
        "OfficialStateName": "Republic of Tajikistan",
        "ISO2": "TJ",
        "ISO3": "TJK",
        "Tld": "tj",
        "Languages": [ "tg" ],
        "Currency": "TJS",
        "Capital": "dushanbe",
        "Size": 143100,
        "Phone": "+992",
        "Continent": "asia"
    },

    {
        "Key": "tz",
        "English": "Tanzania",
        "Local": "Jamhuri ya Muungano wa Tanzania",
        "OfficialStateName": "United Republic of Tanzania",
        "ISO2": "TZ",
        "ISO3": "TZA",
        "Tld": "tz",
        "Languages": [ "sw" ],
        "Currency": "TZS",
        "Capital": "dodoma",
        "Size": 947303,
        "Phone": "+255",
        "Continent": "africa"
    },

    {
        "Key": "th",
        "English": "Thailand",
        "Local": "Ratcha-anachak Thai",
        "OfficialStateName": "Kingdom of Thailand",
        "ISO2": "TH",
        "ISO3": "THA",
        "Tld": "th",
        "Languages": [ "th" ],
        "Currency": "THB",
        "Capital": "bangkok",
        "Size": 513120,
        "Phone": "+66",
        "Continent": "asia"
    },

    {
        "Key": "tl",
        "English": "Timor-Leste",
        "Local": "Repúblika Demokrátika Timór-Leste",
        "OfficialStateName": "Democratic Republic of Timor-Leste",
        "ISO2": "TL",
        "ISO3": "TLS",
        "Tld": "tl",
        "Languages": [ "pt" ],
        "Currency": "USD",
        "Capital": "dili",
        "Size": 15007,
        "Phone": "+670",
        "Continent": "oceania"
    },

    {
        "Key": "tg",
        "English": "Togo",
        "Local": "République togolaise",
        "OfficialStateName": "Togolese Republic",
        "ISO2": "TG",
        "ISO3": "TGO",
        "Tld": "tg",
        "Languages": [ "fr" ],
        "Currency": "XOF",
        "Capital": "lome",
        "Size": 56785,
        "Phone": "+228",
        "Continent": "africa"
    },

    {
        "Key": "tk",
        "English": "Tokelau",
        "Local": "Tokelau",
        "OfficialStateName": "Tokelau",
        "ISO2": "TK",
        "ISO3": "TKL",
        "Tld": "tk",
        "Languages": [ "en" ],
        "Currency": "NZD",
        "Capital": "nukunonu",
        "Size": 10,
        "Phone": "+690",
        "Continent": "oceania"
    },

    {
        "Key": "to",
        "English": "Tonga",
        "Local": "Puleʻanga Fakatuʻi ʻo Tonga",
        "OfficialStateName": "Kingdom of Tonga",
        "ISO2": "TO",
        "ISO3": "TON",
        "Tld": "to",
        "Languages": [ "to", "en" ],
        "Currency": "TOP",
        "Capital": "nuku_alofa",
        "Size": 748,
        "Phone": "+676",
        "Continent": "oceania"
    },

    {
        "Key": "tt",
        "English": "Trinidad and Tobago",
        "Local": "Republic of Trinidad and Tobago",
        "OfficialStateName": "Republic of Trinidad and Tobago",
        "ISO2": "TT",
        "ISO3": "TTO",
        "Tld": "tt",
        "Languages": [ "en" ],
        "Currency": "TTD",
        "Capital": "port_of_spain",
        "Size": 5131,
        "Phone": "+1-868",
        "Continent": "south_america"
    },

    {
        "Key": "tn",
        "English": "Tunisia",
        "Local": "al-Jumhūrīyah at-Tūnisīyah",
        "OfficialStateName": "Republic of Tunisia",
        "ISO2": "TN",
        "ISO3": "TUN",
        "Tld": "tn",
        "Languages": [ "ar" ],
        "Currency": "TND",
        "Capital": "tunis",
        "Size": 163610,
        "Phone": "+216",
        "Continent": "africa"
    },

    {
        "Key": "tr",
        "English": "Turkey",
        "Local": "Türkiye Cumhuriyeti",
        "OfficialStateName": "Republic of Turkey",
        "ISO2": "TR",
        "ISO3": "TUR",
        "Tld": "tr",
        "Languages": [ "tr" ],
        "Currency": "TRY",
        "Capital": "ankara",
        "Size": 783356,
        "Phone": "+90",
        "Continent": "asia"
    },

    {
        "Key": "tm",
        "English": "Turkmenistan",
        "Local": "Türkmenistan Respublikasy",
        "OfficialStateName": "Republic of Turkmenistan",
        "ISO2": "TM",
        "ISO3": "TKM",
        "Tld": "tm",
        "Languages": [ "tk" ],
        "Currency": "TMT",
        "Capital": "ashgabat",
        "Size": 491210,
        "Phone": "+993",
        "Continent": "asia"
    },

    {
        "Key": "tc",
        "English": "Turks and Caicos Islands",
        "Local": "Turks and Caicos Islands",
        "OfficialStateName": "Turks and Caicos Islands",
        "ISO2": "TC",
        "ISO3": "TCA",
        "Tld": "tc",
        "Languages": [ "en" ],
        "Currency": "USD",
        "Capital": "cockburn_town",
        "Size": 616.3,
        "Phone": "+1-649",
        "Continent": "north_america"
    },

    {
        "Key": "tv",
        "English": "Tuvalu",
        "Local": "Tuvalu",
        "OfficialStateName": "Tuvalu",
        "ISO2": "TV",
        "ISO3": "TUV",
        "Tld": "tv",
        "Languages": [ "en" ],
        "Currency": "AUD",
        "Capital": "funafuti",
        "Size": 26,
        "Phone": "+688",
        "Continent": "asia"
    },

    {
        "Key": "ug",
        "English": "Uganda",
        "Local": "Jamhuri ya Uganda",
        "OfficialStateName": "Republic of Uganda",
        "ISO2": "UG",
        "ISO3": "UGA",
        "Tld": "ug",
        "Languages": [ "sw", "en" ],
        "Currency": "UGX",
        "Capital": "kampala",
        "Size": 241038,
        "Phone": "+256",
        "Continent": "africa"
    },

    {
        "Key": "ua",
        "English": "Ukraine",
        "Local": "Ukrayina",
        "OfficialStateName": "Ukraine",
        "ISO2": "UA",
        "ISO3": "UKR",
        "Tld": "ua",
        "Languages": [ "uk" ],
        "Currency": "UAH",
        "Capital": "kiev",
        "Size": 603628,
        "Phone": "+380",
        "Continent": "europe"
    },

    {
        "Key": "ae",
        "English": "United Arab Emirates",
        "Local": "al-ʾImārāt al-ʿArabīyyah al-Muttaḥidah",
        "OfficialStateName": "United Arab Emirates",
        "ISO2": "AE",
        "ISO3": "ARE",
        "Tld": "ae",
        "Languages": [ "ar" ],
        "Currency": "AED",
        "Capital": "abu_dhabi",
        "Size": 83600,
        "Phone": "+971",
        "Continent": "asia"
    },

    {
        "Key": "uk",
        "English": "United Kingdom",
        "Local": "United Kingdom of Great Britain and Northern Ireland",
        "OfficialStateName": "The United Kingdom of Great Britain and Northern Ireland",
        "ISO2": "GB",
        "ISO3": "GBR",
        "Tld": "uk",
        "Languages": [ "en" ],
        "Currency": "GBP",
        "Capital": "london",
        "Size": 242495,
        "Phone": "+44",
        "Continent": "europe"
    },

    {
        "Key": "um",
        "English": "United States Minor Outlying Islands",
        "Local": "United States Minor Outlying Islands",
        "OfficialStateName": "United States Minor Outlying Islands",
        "ISO2": "UM",
        "ISO3": "UMI",
        "Tld": "us",
        "Languages": [ "en" ],
        "Currency": "USD",
        "Capital": "washington_dc",
        "Size": 34.2,
        "Phone": "+1",
        "Continent": "north_america"
    },

    {
        "Key": "us",
        "English": "United States of America",
        "Local": "United States of America",
        "OfficialStateName": "The United States of America",
        "ISO2": "US",
        "ISO3": "USA",
        "Tld": "us",
        "Languages": [ "en" ],
        "Currency": "USD",
        "Capital": "washington_dc",
        "Size": 9833520,
        "Phone": "+1",
        "Continent": "north_america"
    },

    {
        "Key": "uy",
        "English": "Uruguay",
        "Local": "República Oriental del Uruguay",
        "OfficialStateName": "The Oriental Republic of Uruguay",
        "ISO2": "UY",
        "ISO3": "URY",
        "Tld": "uy",
        "Languages": [ "es" ],
        "Currency": "UYU",
        "Capital": "montevideo",
        "Size": 176215,
        "Phone": "+598",
        "Continent": "south_america"
    },

    {
        "Key": "uz",
        "English": "Uzbekistan",
        "Local": "Oʻzbekiston Respublikasi",
        "OfficialStateName": "The Republic of Uzbekistan",
        "ISO2": "UZ",
        "ISO3": "UZB",
        "Tld": ".uz",
        "Languages": [ "uz" ],
        "Currency": "UZS",
        "Capital": "tashkent",
        "Size": 448978,
        "Phone": "+998",
        "Continent": "asia"
    },

    {
        "Key": "vu",
        "English": "Vanuatu",
        "Local": "Republic of Vanuatu",
        "OfficialStateName": "Ripablik blong Vanuatu ",
        "ISO2": "VU",
        "ISO3": "VUT",
        "Tld": "vu",
        "Languages": [ "bi", "en", "fr" ],
        "Currency": "VUV",
        "Capital": "port_vila",
        "Size": 12189,
        "Phone": "+678",
        "Continent": "oceania"
    },

    {
        "Key": "va",
        "English": "Vatican City",
        "Local": "Sancta Sedes",
        "OfficialStateName": "The Holy See",
        "ISO2": "VA",
        "ISO3": "VAT",
        "Tld": "va",
        "Languages": [ "la" ],
        "Currency": "EUR",
        "Capital": "vatican_city",
        "Size": 0.49,
        "Phone": "+379",
        "Continent": "europe"
    },

    {
        "Key": "ve",
        "English": "Venezuela",
        "Local": "República Bolivariana de Venezuela",
        "OfficialStateName": "The Bolivarian Republic of Venezuela",
        "ISO2": "VE",
        "ISO3": "VEN",
        "Tld": ".ve",
        "Languages": [ "es" ],
        "Currency": "VES",
        "Capital": "caracas",
        "Size": 916445,
        "Phone": "+58",
        "Continent": "south_america"
    },

    {
        "Key": "vn",
        "English": "Viet Nam",
        "Local": "Cộng hòa xã hội chủ nghĩa Việt Nam",
        "OfficialStateName": "The Socialist Republic of Viet Nam",
        "ISO2": "VN",
        "ISO3": "VNM",
        "Tld": "vn",
        "Languages": [ "vi" ],
        "Currency": "VND",
        "Capital": "hanoi",
        "Size": 331212,
        "Phone": "+84",
        "Continent": "asia"
    },

    {
        "Key": "vg",
        "English": "Virgin Islands (British)",
        "Local": "Virgin Islands",
        "OfficialStateName": "The Virgin Islands",
        "ISO2": "VG",
        "ISO3": "VGB",
        "Tld": "vg",
        "Languages": [ "en" ],
        "Currency": "USD",
        "Capital": "road_town",
        "Size": 153,
        "Phone": "+1-284",
        "Continent": "north_america"
    },

    {
        "Key": "vi",
        "English": "Virgin Islands (U.S.) ",
        "Local": "Virgin Islands of the United States",
        "OfficialStateName": "The Virgin Islands of the United States",
        "ISO2": "VI",
        "ISO3": "VIR",
        "Tld": "vi",
        "Languages": [ "en" ],
        "Currency": "USD",
        "Capital": "charlotte_amalie",
        "Size": 346,
        "Phone": "+1-340",
        "Continent": "north_america"
    },

    {
        "Key": "wf",
        "English": "Wallis and Futuna",
        "Local": "Wallis-et-Futuna",
        "OfficialStateName": "Territory of the Wallis and Futuna Islands",
        "ISO2": "WF",
        "ISO3": "WLF",
        "Tld": "wf",
        "Languages": [ "fr" ],
        "Currency": "CFP",
        "Capital": "matautu",
        "Size": 142,
        "Phone": "+681",
        "Continent": "oceania"
    },

    {
        "Key": "ye",
        "English": "Yemen",
        "Local": "al-Yamanīyah",
        "OfficialStateName": "Republic of Yemen",
        "ISO2": "YE",
        "ISO3": "YEM",
        "Tld": "ye",
        "Languages": [ "ar" ],
        "Currency": "YER",
        "Capital": "sanaa",
        "Size": 527968,
        "Phone": "+967",
        "Continent": "asia"
    },

    {
        "Key": "zm",
        "English": "Zambia",
        "Local": "Zambia",
        "OfficialStateName": "Republic of Zambia",
        "ISO2": "ZM",
        "ISO3": "ZMB",
        "Tld": "zm",
        "Languages": [ "en" ],
        "Currency": "ZMW",
        "Capital": "lusaka",
        "Size": 752618,
        "Phone": "+260",
        "Continent": "africa"
    },

    {
        "Key": "zw",
        "English": "Zimbabwe",
        "Local": "Nyika yeZimbabwe",
        "OfficialStateName": "Republic of Zimbabwe",
        "ISO2": "ZW",
        "ISO3": "ZWE",
        "Tld": "zw",
        "Languages": [ "sn", "nd", "ny", "en", "ts", "st", "tn", "ve", "xh" ],
        "Currency": "RTGS",
        "Capital": "harare",
        "Size": 390757,
        "Phone": "+263",
        "Continent": "africa"
    }
]
